block_number,logs
24000000,362
24000001,467
24000002,732
24000003,436
24000004,534
24000005,1102
24000006,556
24000007,586
24000008,514
24000009,818
24000010,427
24000011,646
24000012,410
24000013,720
24000014,508
24000015,837
24000016,388
24000017,635
24000018,305
24000019,752
24000020,824
24000021,717
24000022,438
24000023,528
24000024,625
24000025,628
24000026,637
24000027,659
24000028,531
24000029,540
24000030,628
24000031,610
24000032,240
24000033,571
24000034,459
24000035,513
24000036,530
24000037,622
24000038,506
24000039,712
24000040,482
24000041,700
24000042,702
24000043,497
24000044,447
24000045,723
24000046,392
24000047,418
24000048,380
24000049,535